{
  "replay": "00000000-0000-0000-0000-000000000000",
  "version": 1,
  "moves": 198,
  "performance": {
    "normalized": {
      "white": [
        0.008745583038869258, 0.007354240282685514, 0.007354240282685514, 0.0063604240282685515,
        0.005565371024734982, 0.005764134275618375, 0.00536660777385159, 0.006757950530035336,
        0.006161660777385159, 0.006757950530035336, 0.007354240282685514, 0.0071554770318021195,
        0.007950530035335688, 0.006757950530035336, 0.00536660777385159, 0.005565371024734982,
        0.004770318021201414, 0.0035777385159010597, 0.002782685512367491, 0.0025839222614840993,
        0.0013913427561837455, 0.0021863957597173145, 0.0029814487632508833, 0.00536660777385159,
        0.005962897526501767, 0.005167844522968199, 0.003975265017667844, 0.005764134275618375,
        0.002385159010600707, 0.0005962897526501767, 0.004372791519434629, 0.004770318021201414,
        0.003378975265017668, 0.004571554770318021, 0.004571554770318021, 0.004571554770318021,
        0.006956713780918728, 0, 0, 0, 0.0013913427561837455, 0, -0.000993816254416961,
        -0.0013913427561837455, -0.0035777385159010597, -0.0029814487632508833,
        -0.001987632508833922, -0.004770318021201414, 0, -0.012522084805653711,
        -0.013714664310954064, -0.00973939929328622, -0.014509717314487634, -0.011727031802120142,
        -0.011925795053003533, -0.012323321554770318, -0.012720848056537103, -0.01510600706713781,
        -0.03180212014134275, -0.038361307420494706, -0.03875883392226148, -0.042137809187279156,
        -0.03756625441696113, -0.03915636042402827, -0.0357773851590106, -0.04651060070671378,
        -0.057045053003533575, -0.0636042402826855, -0.07831272084805654, -0.0769213780918728,
        -0.07851148409893993, -0.0920273851590106, -0.09620141342756185, -0.10295936395759717,
        -0.10832597173144877, -0.11945671378091872, -0.12661219081272088, -0.12462455830388694,
        -0.12223939929328621, -0.1435070671378092, -0.15245141342756185, -0.1846510600706714,
        -0.1864399293286219, -0.2283789752650177, -0.24090106007067136, -0.2448763250883392,
        -0.26753533568904597, -0.26753533568904597, -0.29198321554770323, -0.3428666077738516,
        -0.3766563604240283, -1, -1, -1, -1, -1, -1, -1, -1
      ],
      "black": [
        -0.004770318021201414, -0.004969081272084805, -0.0037765017667844526, -0.005565371024734982,
        -0.005962897526501767, -0.005565371024734982, -0.005565371024734982, -0.00536660777385159,
        -0.004770318021201414, -0.004571554770318021, -0.0041740282685512374, -0.004571554770318021,
        -0.0041740282685512374, -0.003975265017667844, -0.003975265017667844, -0.003975265017667844,
        -0.0025839222614840993, -0.004770318021201414, -0.0035777385159010597, 0, 0,
        -0.0005962897526501767, -0.002782685512367491, -0.0021863957597173145,
        -0.0017888692579505299, 0, 0, 0, 0, 0, 0, -0.0005962897526501767, 0, 0, 0, 0, 0, 0, 0,
        0.0029814487632508833, 0.0021863957597173145, 0.006956713780918728, 0.00894434628975265,
        0.005764134275618375, 0.00894434628975265, 0.010136925795053002, 0.00973939929328622,
        0.014112190812720847, 0.016894876325088338, 0.017292402826855124, 0.01987632508833922,
        0.014907243816254417, 0.0178886925795053, 0.021068904593639578, 0.029416961130742054,
        0.03716872791519435, 0.03895759717314488, 0.03915636042402827, 0.04154151943462897,
        0.045318021201413435, 0.04690812720848057, 0.04770318021201413, 0.049690812720848056,
        0.05207597173144877, 0.05605123674911661, 0.05823763250883392, 0.06797703180212014,
        0.07890901060070672, 0.08328180212014134, 0.08427561837455831, 0.09063604240282687,
        0.09580388692579506, 0.10514575971731449, 0.10852473498233216, 0.11329505300353357,
        0.12323321554770318, 0.12959363957597175, 0.13158127208480566, 0.13456272084805654,
        0.14132067137809187, 0.16238957597173145, 0.7016342756183745, 0.725088339222615,
        0.7564929328621909, 0.7698100706713782, 0.9, 1, 1, 1, 1, 1, 1, 1, 1, 1, 1, 1, 1, 1
      ]
    },
    "centipawn": {
      "white": [
        44, 37, 37, 32, 28, 29, 27, 34, 31, 34, 37, 36, 40, 34, 27, 28, 24, 18, 14, 13, 7, 11, 15,
        27, 30, 26, 20, 29, 12, 3, 22, 24, 17, 23, 23, 23, 35, 0, 0, 0, 7, 0, -5, -7, -18, -15, -10,
        -24, 0, -63, -69, -49, -73, -59, -60, -62, -64, -76, -160, -193, -195, -212, -189, -197,
        -180, -234, -287, -320, -394, -387, -395, -463, -484, -518, -545, -601, -637, -627, -615,
        -722, -767, -929, -938, -1149, -1212, -1232, -1346, -1346, -1469, -1725, -1895, -2147483647,
        -2147483647, -2147483647, -2147483647, -2147483647, -2147483647, -2147483647, -2147483647
      ],
      "black": [
        -24, -25, -19, -28, -30, -28, -28, -27, -24, -23, -21, -23, -21, -20, -20, -20, -13, -24,
        -18, 0, 0, -3, -14, -11, -9, 0, 0, 0, 0, 0, 0, -3, 0, 0, 0, 0, 0, 0, 0, 15, 11, 35, 45, 29,
        45, 51, 49, 71, 85, 87, 100, 75, 90, 106, 148, 187, 196, 197, 209, 228, 236, 240, 250, 262,
        282, 293, 342, 397, 419, 424, 456, 482, 529, 546, 570, 620, 652, 662, 677, 711, 817, 3530,
        3648, 3806, 3873, 4528, 2147483647, 2147483647, 2147483647, 2147483647, 2147483647,
        2147483647, 2147483647, 2147483647, 2147483647, 2147483647, 2147483647, 2147483647,
        2147483647
      ]
    }
  }
}
