{
  "replay": "00000000-0000-0000-0000-000000000000",
  "version": 1,
  "moves": 142,
  "performance": {
    "normalized": {
      "white": [
        0.525, 0.69, 0.69, 0.6, 0.7050000000000001, 0.6300000000000001, 0.5850000000000001, 0.615,
        0.6300000000000001, 0.7050000000000001, 0.5850000000000001, 0.75, 0.9, 0.9, 0.81, 0.75,
        0.69, 0.7200000000000001, 0.645, 0.6, 0.7200000000000001, 0.645, 0.7050000000000001, 0.645,
        0.675, 0.645, 0.405, 0.495, 0.48000000000000004, 0.33, 0.24000000000000002, 0.33,
        0.36000000000000004, 0.375, 0.42, 0.31500000000000006, 0.42, 0.39, 0.42, 0,
        0.18000000000000002, 0.15, 0.195, 0.12000000000000001, 0.030000000000000002,
        0.060000000000000005, 0.15, 0, 0, 0.105, 0, 0, 0, 0, 0, 0, 0, 0, 0, 0, 0, 0, 0, 0, 0, 0, 0,
        0, 0, 0, 0
      ],
      "black": [
        -0.39, -0.6300000000000001, -0.645, -0.6, -0.45, -0.525, -0.5399999999999999, -0.45, -0.465,
        -0.42, -0.48000000000000004, -0.375, -0.525, -0.6, -0.51, -0.615, -0.48000000000000004,
        -0.375, -0.405, -0.26999999999999996, -0.39, -0.465, -0.405, -0.435, -0.465,
        -0.26999999999999996, -0.435, -0.255, -0.24000000000000002, -0.195, -0.24000000000000002,
        -0.21, -0.255, -0.28500000000000003, -0.225, -0.225, -0.195, -0.12000000000000001,
        -0.12000000000000001, -0.24000000000000002, -0.31500000000000006, -0.15, -0.075, 0, 0, 0, 0,
        0, 0, 0, 0, 0, 0, 0, 0, 0, 0, 0, 0, 0, 0, 0, 0, 0, 0, 0, 0, 0, 0, 0, 0
      ]
    },
    "centipawn": {
      "white": [
        35, 46, 46, 40, 47, 42, 39, 41, 42, 47, 39, 50, 60, 60, 54, 50, 46, 48, 43, 40, 48, 43, 47,
        43, 45, 43, 27, 33, 32, 22, 16, 22, 24, 25, 28, 21, 28, 26, 28, 0, 12, 10, 13, 8, 2, 4, 10,
        0, 0, 7, 0, 0, 0, 0, 0, 0, 0, 0, 0, 0, 0, 0, 0, 0, 0, 0, 0, 0, 0, 0, 0
      ],
      "black": [
        -26, -42, -43, -40, -30, -35, -36, -30, -31, -28, -32, -25, -35, -40, -34, -41, -32, -25,
        -27, -18, -26, -31, -27, -29, -31, -18, -29, -17, -16, -13, -16, -14, -17, -19, -15, -15,
        -13, -8, -8, -16, -21, -10, -5, 0, 0, 0, 0, 0, 0, 0, 0, 0, 0, 0, 0, 0, 0, 0, 0, 0, 0, 0, 0,
        0, 0, 0, 0, 0, 0, 0, 0
      ]
    }
  }
}
